{"cameraMode":{"drawMode":0,"name":"Shaded","section":"Shading Mode"},"sceneLighting":false,"audioPlay":false,"sceneViewState":{"m_AlwaysRefresh":false,"showFog":true,"showSkybox":true,"showFlares":true,"showImageEffects":true,"showParticleSystems":true,"showVisualEffectGraphs":true,"m_FxEnabled":true},"in2DMode":false,"pivot":{"x":0.6069848537445068,"y":7.514060974121094,"z":1.4626743793487549},"rotation":{"x":-0.5459311008453369,"y":0.007292124442756176,"z":-0.004753212444484234,"w":-0.8378320336341858},"size":9.25444221496582,"orthographic":false}