{"cameraMode":{"drawMode":0,"name":"Shaded","section":"Shading Mode"},"sceneLighting":false,"audioPlay":false,"sceneViewState":{"m_AlwaysRefresh":false,"showFog":true,"showSkybox":true,"showFlares":true,"showImageEffects":true,"showParticleSystems":true,"showVisualEffectGraphs":true,"m_FxEnabled":true},"in2DMode":false,"pivot":{"x":-16.833206176757814,"y":21.78814697265625,"z":21.89357566833496},"rotation":{"x":-0.07573549449443817,"y":-0.3005882203578949,"z":0.023903850466012956,"w":-0.9504794478416443},"size":28.243974685668947,"orthographic":false}