{"cameraMode":{"drawMode":0,"name":"Shaded","section":"Shading Mode"},"sceneLighting":false,"audioPlay":false,"sceneViewState":{"m_AlwaysRefresh":false,"showFog":true,"showSkybox":true,"showFlares":true,"showImageEffects":true,"showParticleSystems":true,"showVisualEffectGraphs":true,"m_FxEnabled":true},"in2DMode":false,"pivot":{"x":-12.786406517028809,"y":-5.567027568817139,"z":-19.234663009643556},"rotation":{"x":0.38217881321907046,"y":0.03187175467610359,"z":-0.013189838267862797,"w":0.9234477877616882},"size":28.243974685668947,"orthographic":false}